{"cameraMode":{"drawMode":0,"name":"Shaded","section":"Shading Mode"},"sceneLighting":true,"audioPlay":false,"sceneViewState":{"m_AlwaysRefresh":false,"showFog":true,"showSkybox":true,"showFlares":true,"showImageEffects":true,"showParticleSystems":true,"showVisualEffectGraphs":true,"m_FxEnabled":true},"in2DMode":false,"pivot":{"x":448.45050048828127,"y":242.34658813476563,"z":75.83975219726563},"rotation":{"x":-0.17417864501476289,"y":-0.06846874207258225,"z":0.012141190469264984,"w":-0.9822591543197632},"size":264.9620056152344,"orthographic":false}