{"cameraMode":{"drawMode":0,"name":"Shaded","section":"Shading Mode"},"sceneLighting":true,"audioPlay":false,"sceneViewState":{"m_AlwaysRefresh":false,"showFog":true,"showSkybox":true,"showFlares":true,"showImageEffects":true,"showParticleSystems":true,"showVisualEffectGraphs":true,"m_FxEnabled":true},"in2DMode":false,"pivot":{"x":34.1165657043457,"y":10.990875244140625,"z":48.341827392578128},"rotation":{"x":-0.17417864501476289,"y":-0.06846874207258225,"z":0.012141190469264984,"w":-0.9822591543197632},"size":50.44839096069336,"orthographic":false}