{"cameraMode":{"drawMode":0,"name":"Shaded","section":"Shading Mode"},"sceneLighting":true,"audioPlay":false,"sceneViewState":{"m_AlwaysRefresh":false,"showFog":true,"showSkybox":true,"showFlares":true,"showImageEffects":true,"showParticleSystems":true,"showVisualEffectGraphs":true,"m_FxEnabled":true},"in2DMode":false,"pivot":{"x":-3.050415515899658,"y":-80.38922882080078,"z":361.6877746582031},"rotation":{"x":-0.15684793889522553,"y":0.0068225981667637829,"z":-0.0010790340602397919,"w":-0.9876067638397217},"size":191.59967041015626,"orthographic":false}